{
  "name": "hero6e",
  "title": "HERO 6th Edition",
  "description": "A robust implementation of the HERO 6th Edition rules.",
  "version": "0.0.1",
  "minimumCoreVersion": "0.7.0",
  "compatibleCoreVersion": "0.7.9",
  "templateVersion": 2,
  "author": "Trentin C Bergeron | TreChriron",
  "esmodules": [
    "hero6e.js"
  ],
  "styles": [
    "styles/hero6e.css"
  ],
  "packs": [

  ],
  "languages": [
    {
      "lang": "en",
      "name": "English",
      "path": "lang/en.json"
    }
  ],
  "socket": false,
  "initiative": "",
  "gridDistance": 1.5,
  "gridUnits": "m",
  "url": "",
  "manifest": "",
  "download": ""
}